<?xml version="1.0"?>
<MediaFile xmlns:dt="urn:schemas-microsoft-com:datatypes"><Reports><Report><ProcessVideo dt:dt="int">1</ProcessVideo><ProcessAudio dt:dt="int">1</ProcessAudio><HasVideo dt:dt="int">0</HasVideo><HasAudio dt:dt="int">1</HasAudio><NumWarnings dt:dt="int">0</NumWarnings><NumErrors dt:dt="int">0</NumErrors><FilterBlocks><FilterBlock><Source dt:dt="string">{777B09FE-3980-4F01-BD77-F7F9A08A9594}</Source><SourceFriendlyName dt:dt="string">FFmpeg</SourceFriendlyName><LookupType dt:dt="int">1</LookupType><NumWarnings dt:dt="int">0</NumWarnings><NumErrors dt:dt="int">0</NumErrors></FilterBlock></FilterBlocks><Streams><Stream1><StreamType dt:dt="string">Audio</StreamType><Codec dt:dt="string">mp3</Codec><Longname dt:dt="string">MP3 (MPEG audio layer 3)</Longname><FourCC dt:dt="string">0x0000</FourCC><SampleFormat dt:dt="int">6</SampleFormat><SampleRate dt:dt="int">44100</SampleRate><Channels dt:dt="int">1</Channels><FrameRate dt:dt="string">0.0</FrameRate><Duration dt:dt="int">5898816</Duration></Stream1></Streams></Report></Reports></MediaFile>
