<?xml version="1.0"?>
<MediaFile xmlns:dt="urn:schemas-microsoft-com:datatypes"><Reports><Report><ProcessVideo dt:dt="int">1</ProcessVideo><ProcessAudio dt:dt="int">1</ProcessAudio><HasVideo dt:dt="int">1</HasVideo><HasAudio dt:dt="int">1</HasAudio><NumWarnings dt:dt="int">0</NumWarnings><NumErrors dt:dt="int">0</NumErrors><FilterBlocks><FilterBlock><Source dt:dt="string">{777B09FE-3980-4F01-BD77-F7F9A08A9594}</Source><SourceFriendlyName dt:dt="string">FFmpeg</SourceFriendlyName><LookupType dt:dt="int">1</LookupType><NumWarnings dt:dt="int">0</NumWarnings><NumErrors dt:dt="int">0</NumErrors></FilterBlock></FilterBlocks><Streams><Stream1><StreamType dt:dt="string">Video</StreamType><Codec dt:dt="string">wmv2</Codec><Longname dt:dt="string">Windows Media Video 8</Longname><FourCC dt:dt="string">WMV2 (0x32564D57)</FourCC><Width dt:dt="int">640</Width><Height dt:dt="int">480</Height><PictureFormat dt:dt="int">0</PictureFormat><FrameRate dt:dt="string">30000.1001</FrameRate><Duration dt:dt="int">8141</Duration></Stream1><Stream2><StreamType dt:dt="string">Audio</StreamType><FourCC dt:dt="string">` (0x0160)</FourCC><SampleFormat dt:dt="int">8</SampleFormat><SampleRate dt:dt="int">44100</SampleRate><Channels dt:dt="int">2</Channels><FrameRate dt:dt="string">0.0</FrameRate><Duration dt:dt="int">8141</Duration></Stream2></Streams></Report></Reports></MediaFile>
